{
  "criteria": {
    "requirement": {
      "trigger": "minecraft:shot_crossbow",
      "conditions": {
        "player": {
          "equipment": {
            "offhand": {
              "items": [
                "minecraft:crossbow"
              ],
              "nbt": "{hoe_boomerang:1b}"
            }
          }
        },
        "item": {
          "items": [
            "minecraft:crossbow"
          ],
          "nbt": "{hoe_boomerang:1b}"
        }
      }
    }
  },
  "rewards": {
    "function": "hoe_boomerang:throw/offhand"
  }
}
