{
	"parent": "item/generated",
	"textures": {
		"layer0": "minecraft:item/diamond_hoe"
	},
	"overrides": [
		{
			"predicate": {
				"custom_model_data": 1
			},
			"model": "item/animated_java_empty"
		},
		{
			"predicate": {
				"custom_model_data": 2
			},
			"model": "animated_java:item/hoe_boomerang/group6"
		},
		{
			"predicate": {
				"custom_model_data": 3
			},
			"model": "animated_java:item/hoe_boomerang/group"
		}
	],
	"animated_java": {
		"rigs": {
			"hoe_boomerang": {
				"used_ids": [
					2,
					3
				]
			}
		}
	}
}