{
	"credit": "Made with Blockbench",
	"textures": {
		"0": "item/hoe_boomerang/diamond_hoe",
		"4": "item/hoe_boomerang/blast_furnace_top",
		"particle": "item/diamond_hoe"
	},
	"elements": [
		{
			"name": "diamond_hoe_0",
			"from": [9, -0.5, 15],
			"to": [12, 0.5, 18],
			"rotation": {"angle": 0, "axis": "y", "origin": [8, 0, 8]},
			"faces": {
				"north": {"uv": [7, 3, 10, 4], "rotation": 180, "texture": "#0"},
				"east": {"uv": [9, 1, 10, 4], "rotation": 270, "texture": "#0"},
				"south": {"uv": [7, 1, 10, 2], "texture": "#0"},
				"west": {"uv": [7, 1, 8, 4], "rotation": 90, "texture": "#0"},
				"up": {"uv": [10, 1, 7, 4], "rotation": 180, "texture": "#0"},
				"down": {"uv": [7, 1, 10, 4], "texture": "#0"}
			}
		},
		{
			"name": "diamond_hoe_1",
			"from": [8, -0.5, 16],
			"to": [9, 0.5, 17],
			"rotation": {"angle": 0, "axis": "y", "origin": [8, 0, 8]},
			"faces": {
				"north": {"uv": [6, 2, 7, 3], "rotation": 180, "texture": "#0"},
				"east": {"uv": [6, 2, 7, 3], "rotation": 270, "texture": "#0"},
				"south": {"uv": [6, 2, 7, 3], "texture": "#0"},
				"west": {"uv": [6, 2, 7, 3], "rotation": 90, "texture": "#0"},
				"up": {"uv": [7, 2, 6, 3], "rotation": 180, "texture": "#0"},
				"down": {"uv": [6, 2, 7, 3], "texture": "#0"}
			}
		},
		{
			"name": "diamond_hoe_2",
			"from": [12, -0.5, 11],
			"to": [13, 0.5, 17],
			"rotation": {"angle": 0, "axis": "y", "origin": [8, 0, 8]},
			"faces": {
				"north": {"uv": [10, 7, 11, 8], "rotation": 180, "texture": "#0"},
				"east": {"uv": [10, 2, 11, 8], "rotation": 270, "texture": "#0"},
				"south": {"uv": [10, 2, 11, 3], "texture": "#0"},
				"west": {"uv": [10, 2, 11, 8], "rotation": 90, "texture": "#0"},
				"up": {"uv": [11, 2, 10, 8], "rotation": 180, "texture": "#0"},
				"down": {"uv": [10, 2, 11, 8], "texture": "#0"}
			}
		},
		{
			"name": "diamond_hoe_3",
			"from": [13, -0.5, 13],
			"to": [16, 0.5, 16],
			"rotation": {"angle": 0, "axis": "y", "origin": [8, 0, 8]},
			"faces": {
				"north": {"uv": [11, 5, 14, 6], "rotation": 180, "texture": "#0"},
				"east": {"uv": [13, 3, 14, 6], "rotation": 270, "texture": "#0"},
				"south": {"uv": [11, 3, 14, 4], "texture": "#0"},
				"west": {"uv": [11, 3, 12, 6], "rotation": 90, "texture": "#0"},
				"up": {"uv": [14, 3, 11, 6], "rotation": 180, "texture": "#0"},
				"down": {"uv": [11, 3, 14, 6], "texture": "#0"}
			}
		},
		{
			"name": "diamond_hoe_4",
			"from": [11, -0.5, 14],
			"to": [12, 0.5, 15],
			"rotation": {"angle": 0, "axis": "y", "origin": [8, 0, 8]},
			"faces": {
				"north": {"uv": [9, 4, 10, 5], "rotation": 180, "texture": "#0"},
				"east": {"uv": [9, 4, 10, 5], "rotation": 270, "texture": "#0"},
				"south": {"uv": [9, 4, 10, 5], "texture": "#0"},
				"west": {"uv": [9, 4, 10, 5], "rotation": 90, "texture": "#0"},
				"up": {"uv": [10, 4, 9, 5], "rotation": 180, "texture": "#0"},
				"down": {"uv": [9, 4, 10, 5], "texture": "#0"}
			}
		},
		{
			"name": "diamond_hoe_5",
			"from": [11, -0.5, 10],
			"to": [12, 0.5, 13],
			"rotation": {"angle": 0, "axis": "y", "origin": [8, 0, 8]},
			"faces": {
				"north": {"uv": [9, 8, 10, 9], "rotation": 180, "texture": "#0"},
				"east": {"uv": [9, 6, 10, 9], "rotation": 270, "texture": "#0"},
				"south": {"uv": [9, 6, 10, 7], "texture": "#0"},
				"west": {"uv": [9, 6, 10, 9], "rotation": 90, "texture": "#0"},
				"up": {"uv": [10, 6, 9, 9], "rotation": 180, "texture": "#0"},
				"down": {"uv": [9, 6, 10, 9], "texture": "#0"}
			}
		},
		{
			"name": "diamond_hoe_6",
			"from": [13, -0.5, 12],
			"to": [15, 0.5, 13],
			"rotation": {"angle": 0, "axis": "y", "origin": [8, 0, 8]},
			"faces": {
				"north": {"uv": [11, 6, 13, 7], "rotation": 180, "texture": "#0"},
				"east": {"uv": [12, 6, 13, 7], "rotation": 270, "texture": "#0"},
				"south": {"uv": [11, 6, 13, 7], "texture": "#0"},
				"west": {"uv": [11, 6, 12, 7], "rotation": 90, "texture": "#0"},
				"up": {"uv": [13, 6, 11, 7], "rotation": 180, "texture": "#0"},
				"down": {"uv": [11, 6, 13, 7], "texture": "#0"}
			}
		},
		{
			"name": "diamond_hoe_7",
			"from": [10, -0.5, 9],
			"to": [11, 0.5, 12],
			"rotation": {"angle": 0, "axis": "y", "origin": [8, 0, 8]},
			"faces": {
				"north": {"uv": [8, 9, 9, 10], "rotation": 180, "texture": "#0"},
				"east": {"uv": [8, 7, 9, 10], "rotation": 270, "texture": "#0"},
				"south": {"uv": [8, 7, 9, 8], "texture": "#0"},
				"west": {"uv": [8, 7, 9, 10], "rotation": 90, "texture": "#0"},
				"up": {"uv": [9, 7, 8, 10], "rotation": 180, "texture": "#0"},
				"down": {"uv": [8, 7, 9, 10], "texture": "#0"}
			}
		},
		{
			"name": "diamond_hoe_8",
			"from": [9, -0.5, 8],
			"to": [10, 0.5, 11],
			"rotation": {"angle": 0, "axis": "y", "origin": [8, 0, 8]},
			"faces": {
				"north": {"uv": [7, 10, 8, 11], "rotation": 180, "texture": "#0"},
				"east": {"uv": [7, 8, 8, 11], "rotation": 270, "texture": "#0"},
				"south": {"uv": [7, 8, 8, 9], "texture": "#0"},
				"west": {"uv": [7, 8, 8, 11], "rotation": 90, "texture": "#0"},
				"up": {"uv": [8, 8, 7, 11], "rotation": 180, "texture": "#0"},
				"down": {"uv": [7, 8, 8, 11], "texture": "#0"}
			}
		},
		{
			"name": "diamond_hoe_9",
			"from": [8, -0.5, 7],
			"to": [9, 0.5, 10],
			"rotation": {"angle": 0, "axis": "y", "origin": [8, 0, 8]},
			"faces": {
				"north": {"uv": [6, 11, 7, 12], "rotation": 180, "texture": "#0"},
				"east": {"uv": [6, 9, 7, 12], "rotation": 270, "texture": "#0"},
				"south": {"uv": [6, 9, 7, 10], "texture": "#0"},
				"west": {"uv": [6, 9, 7, 12], "rotation": 90, "texture": "#0"},
				"up": {"uv": [7, 9, 6, 12], "rotation": 180, "texture": "#0"},
				"down": {"uv": [6, 9, 7, 12], "texture": "#0"}
			}
		},
		{
			"name": "diamond_hoe_10",
			"from": [7, -0.5, 6],
			"to": [8, 0.5, 9],
			"rotation": {"angle": 0, "axis": "y", "origin": [8, 0, 8]},
			"faces": {
				"north": {"uv": [5, 12, 6, 13], "rotation": 180, "texture": "#0"},
				"east": {"uv": [5, 10, 6, 13], "rotation": 270, "texture": "#0"},
				"south": {"uv": [5, 10, 6, 11], "texture": "#0"},
				"west": {"uv": [5, 10, 6, 13], "rotation": 90, "texture": "#0"},
				"up": {"uv": [6, 10, 5, 13], "rotation": 180, "texture": "#0"},
				"down": {"uv": [5, 10, 6, 13], "texture": "#0"}
			}
		},
		{
			"name": "diamond_hoe_11",
			"from": [6, -0.5, 5],
			"to": [7, 0.5, 8],
			"rotation": {"angle": 0, "axis": "y", "origin": [8, 0, 8]},
			"faces": {
				"north": {"uv": [4, 13, 5, 14], "rotation": 180, "texture": "#0"},
				"east": {"uv": [4, 11, 5, 14], "rotation": 270, "texture": "#0"},
				"south": {"uv": [4, 11, 5, 12], "texture": "#0"},
				"west": {"uv": [4, 11, 5, 14], "rotation": 90, "texture": "#0"},
				"up": {"uv": [5, 11, 4, 14], "rotation": 180, "texture": "#0"},
				"down": {"uv": [4, 11, 5, 14], "texture": "#0"}
			}
		},
		{
			"name": "diamond_hoe_12",
			"from": [5, -0.5, 4],
			"to": [6, 0.5, 7],
			"rotation": {"angle": 0, "axis": "y", "origin": [8, 0, 8]},
			"faces": {
				"north": {"uv": [3, 14, 4, 15], "rotation": 180, "texture": "#0"},
				"east": {"uv": [3, 12, 4, 15], "rotation": 270, "texture": "#0"},
				"south": {"uv": [3, 12, 4, 13], "texture": "#0"},
				"west": {"uv": [3, 12, 4, 15], "rotation": 90, "texture": "#0"},
				"up": {"uv": [4, 12, 3, 15], "rotation": 180, "texture": "#0"},
				"down": {"uv": [3, 12, 4, 15], "texture": "#0"}
			}
		},
		{
			"name": "diamond_hoe_13",
			"from": [4, -0.5, 4],
			"to": [5, 0.5, 6],
			"rotation": {"angle": 0, "axis": "y", "origin": [8, 0, 8]},
			"faces": {
				"north": {"uv": [2, 14, 3, 15], "rotation": 180, "texture": "#0"},
				"east": {"uv": [2, 13, 3, 15], "rotation": 270, "texture": "#0"},
				"south": {"uv": [2, 13, 3, 14], "texture": "#0"},
				"west": {"uv": [2, 13, 3, 15], "rotation": 90, "texture": "#0"},
				"up": {"uv": [3, 13, 2, 15], "rotation": 180, "texture": "#0"},
				"down": {"uv": [2, 13, 3, 15], "texture": "#0"}
			}
		},
		{
			"name": "diamond_hoe_0",
			"from": [-2, -0.5, 9],
			"to": [1, 0.5, 12],
			"rotation": {"angle": 0, "axis": "y", "origin": [8, 0, 8]},
			"faces": {
				"north": {"uv": [7, 1, 8, 4], "rotation": 90, "texture": "#0"},
				"east": {"uv": [7, 3, 10, 4], "rotation": 180, "texture": "#0"},
				"south": {"uv": [9, 1, 10, 4], "rotation": 270, "texture": "#0"},
				"west": {"uv": [7, 1, 10, 2], "texture": "#0"},
				"up": {"uv": [10, 1, 7, 4], "rotation": 270, "texture": "#0"},
				"down": {"uv": [7, 1, 10, 4], "rotation": 270, "texture": "#0"}
			}
		},
		{
			"name": "diamond_hoe_1",
			"from": [-1, -0.5, 8],
			"to": [0, 0.5, 9],
			"rotation": {"angle": 0, "axis": "y", "origin": [8, 0, 8]},
			"faces": {
				"north": {"uv": [6, 2, 7, 3], "rotation": 90, "texture": "#0"},
				"east": {"uv": [6, 2, 7, 3], "rotation": 180, "texture": "#0"},
				"south": {"uv": [6, 2, 7, 3], "rotation": 270, "texture": "#0"},
				"west": {"uv": [6, 2, 7, 3], "texture": "#0"},
				"up": {"uv": [7, 2, 6, 3], "rotation": 270, "texture": "#0"},
				"down": {"uv": [6, 2, 7, 3], "rotation": 270, "texture": "#0"}
			}
		},
		{
			"name": "diamond_hoe_2",
			"from": [-1, -0.5, 12],
			"to": [5, 0.5, 13],
			"rotation": {"angle": 0, "axis": "y", "origin": [8, 0, 8]},
			"faces": {
				"north": {"uv": [10, 2, 11, 8], "rotation": 90, "texture": "#0"},
				"east": {"uv": [10, 7, 11, 8], "rotation": 180, "texture": "#0"},
				"south": {"uv": [10, 2, 11, 8], "rotation": 270, "texture": "#0"},
				"west": {"uv": [10, 2, 11, 3], "texture": "#0"},
				"up": {"uv": [11, 2, 10, 8], "rotation": 270, "texture": "#0"},
				"down": {"uv": [10, 2, 11, 8], "rotation": 270, "texture": "#0"}
			}
		},
		{
			"name": "diamond_hoe_3",
			"from": [0, -0.5, 13],
			"to": [3, 0.5, 16],
			"rotation": {"angle": 0, "axis": "y", "origin": [8, 0, 8]},
			"faces": {
				"north": {"uv": [11, 3, 12, 6], "rotation": 90, "texture": "#0"},
				"east": {"uv": [11, 5, 14, 6], "rotation": 180, "texture": "#0"},
				"south": {"uv": [13, 3, 14, 6], "rotation": 270, "texture": "#0"},
				"west": {"uv": [11, 3, 14, 4], "texture": "#0"},
				"up": {"uv": [14, 3, 11, 6], "rotation": 270, "texture": "#0"},
				"down": {"uv": [11, 3, 14, 6], "rotation": 270, "texture": "#0"}
			}
		},
		{
			"name": "diamond_hoe_4",
			"from": [1, -0.5, 11],
			"to": [2, 0.5, 12],
			"rotation": {"angle": 0, "axis": "y", "origin": [8, 0, 8]},
			"faces": {
				"north": {"uv": [9, 4, 10, 5], "rotation": 90, "texture": "#0"},
				"east": {"uv": [9, 4, 10, 5], "rotation": 180, "texture": "#0"},
				"south": {"uv": [9, 4, 10, 5], "rotation": 270, "texture": "#0"},
				"west": {"uv": [9, 4, 10, 5], "texture": "#0"},
				"up": {"uv": [10, 4, 9, 5], "rotation": 270, "texture": "#0"},
				"down": {"uv": [9, 4, 10, 5], "rotation": 270, "texture": "#0"}
			}
		},
		{
			"name": "diamond_hoe_5",
			"from": [3, -0.5, 11],
			"to": [6, 0.5, 12],
			"rotation": {"angle": 0, "axis": "y", "origin": [8, 0, 8]},
			"faces": {
				"north": {"uv": [9, 6, 10, 9], "rotation": 90, "texture": "#0"},
				"east": {"uv": [9, 8, 10, 9], "rotation": 180, "texture": "#0"},
				"south": {"uv": [9, 6, 10, 9], "rotation": 270, "texture": "#0"},
				"west": {"uv": [9, 6, 10, 7], "texture": "#0"},
				"up": {"uv": [10, 6, 9, 9], "rotation": 270, "texture": "#0"},
				"down": {"uv": [9, 6, 10, 9], "rotation": 270, "texture": "#0"}
			}
		},
		{
			"name": "diamond_hoe_6",
			"from": [3, -0.5, 13],
			"to": [4, 0.5, 15],
			"rotation": {"angle": 0, "axis": "y", "origin": [8, 0, 8]},
			"faces": {
				"north": {"uv": [11, 6, 12, 7], "rotation": 90, "texture": "#0"},
				"east": {"uv": [11, 6, 13, 7], "rotation": 180, "texture": "#0"},
				"south": {"uv": [12, 6, 13, 7], "rotation": 270, "texture": "#0"},
				"west": {"uv": [11, 6, 13, 7], "texture": "#0"},
				"up": {"uv": [13, 6, 11, 7], "rotation": 270, "texture": "#0"},
				"down": {"uv": [11, 6, 13, 7], "rotation": 270, "texture": "#0"}
			}
		},
		{
			"name": "diamond_hoe_0",
			"from": [4, -0.5, -2],
			"to": [7, 0.5, 1],
			"rotation": {"angle": 0, "axis": "y", "origin": [8, 0, 8]},
			"faces": {
				"north": {"uv": [7, 1, 10, 2], "texture": "#0"},
				"east": {"uv": [7, 1, 8, 4], "rotation": 90, "texture": "#0"},
				"south": {"uv": [7, 3, 10, 4], "rotation": 180, "texture": "#0"},
				"west": {"uv": [9, 1, 10, 4], "rotation": 270, "texture": "#0"},
				"up": {"uv": [10, 1, 7, 4], "texture": "#0"},
				"down": {"uv": [7, 1, 10, 4], "rotation": 180, "texture": "#0"}
			}
		},
		{
			"name": "diamond_hoe_1",
			"from": [7, -0.5, -1],
			"to": [8, 0.5, 0],
			"rotation": {"angle": 0, "axis": "y", "origin": [8, 0, 8]},
			"faces": {
				"north": {"uv": [6, 2, 7, 3], "texture": "#0"},
				"east": {"uv": [6, 2, 7, 3], "rotation": 90, "texture": "#0"},
				"south": {"uv": [6, 2, 7, 3], "rotation": 180, "texture": "#0"},
				"west": {"uv": [6, 2, 7, 3], "rotation": 270, "texture": "#0"},
				"up": {"uv": [7, 2, 6, 3], "texture": "#0"},
				"down": {"uv": [6, 2, 7, 3], "rotation": 180, "texture": "#0"}
			}
		},
		{
			"name": "diamond_hoe_2",
			"from": [3, -0.5, -1],
			"to": [4, 0.5, 5],
			"rotation": {"angle": 0, "axis": "y", "origin": [8, 0, 8]},
			"faces": {
				"north": {"uv": [10, 2, 11, 3], "texture": "#0"},
				"east": {"uv": [10, 2, 11, 8], "rotation": 90, "texture": "#0"},
				"south": {"uv": [10, 7, 11, 8], "rotation": 180, "texture": "#0"},
				"west": {"uv": [10, 2, 11, 8], "rotation": 270, "texture": "#0"},
				"up": {"uv": [11, 2, 10, 8], "texture": "#0"},
				"down": {"uv": [10, 2, 11, 8], "rotation": 180, "texture": "#0"}
			}
		},
		{
			"name": "diamond_hoe_3",
			"from": [0, -0.5, 0],
			"to": [3, 0.5, 3],
			"rotation": {"angle": 0, "axis": "y", "origin": [8, 0, 8]},
			"faces": {
				"north": {"uv": [11, 3, 14, 4], "texture": "#0"},
				"east": {"uv": [11, 3, 12, 6], "rotation": 90, "texture": "#0"},
				"south": {"uv": [11, 5, 14, 6], "rotation": 180, "texture": "#0"},
				"west": {"uv": [13, 3, 14, 6], "rotation": 270, "texture": "#0"},
				"up": {"uv": [14, 3, 11, 6], "texture": "#0"},
				"down": {"uv": [11, 3, 14, 6], "rotation": 180, "texture": "#0"}
			}
		},
		{
			"name": "diamond_hoe_4",
			"from": [4, -0.5, 1],
			"to": [5, 0.5, 2],
			"rotation": {"angle": 0, "axis": "y", "origin": [8, 0, 8]},
			"faces": {
				"north": {"uv": [9, 4, 10, 5], "texture": "#0"},
				"east": {"uv": [9, 4, 10, 5], "rotation": 90, "texture": "#0"},
				"south": {"uv": [9, 4, 10, 5], "rotation": 180, "texture": "#0"},
				"west": {"uv": [9, 4, 10, 5], "rotation": 270, "texture": "#0"},
				"up": {"uv": [10, 4, 9, 5], "texture": "#0"},
				"down": {"uv": [9, 4, 10, 5], "rotation": 180, "texture": "#0"}
			}
		},
		{
			"name": "diamond_hoe_5",
			"from": [4, -0.5, 3],
			"to": [5, 0.5, 6],
			"rotation": {"angle": 0, "axis": "y", "origin": [8, 0, 8]},
			"faces": {
				"north": {"uv": [9, 6, 10, 7], "texture": "#0"},
				"east": {"uv": [9, 6, 10, 9], "rotation": 90, "texture": "#0"},
				"south": {"uv": [9, 8, 10, 9], "rotation": 180, "texture": "#0"},
				"west": {"uv": [9, 6, 10, 9], "rotation": 270, "texture": "#0"},
				"up": {"uv": [10, 6, 9, 9], "texture": "#0"},
				"down": {"uv": [9, 6, 10, 9], "rotation": 180, "texture": "#0"}
			}
		},
		{
			"name": "diamond_hoe_6",
			"from": [1, -0.5, 3],
			"to": [3, 0.5, 4],
			"rotation": {"angle": 0, "axis": "y", "origin": [8, 0, 8]},
			"faces": {
				"north": {"uv": [11, 6, 13, 7], "texture": "#0"},
				"east": {"uv": [11, 6, 12, 7], "rotation": 90, "texture": "#0"},
				"south": {"uv": [11, 6, 13, 7], "rotation": 180, "texture": "#0"},
				"west": {"uv": [12, 6, 13, 7], "rotation": 270, "texture": "#0"},
				"up": {"uv": [13, 6, 11, 7], "texture": "#0"},
				"down": {"uv": [11, 6, 13, 7], "rotation": 180, "texture": "#0"}
			}
		},
		{
			"name": "diamond_hoe_0",
			"from": [15, -0.5, 4],
			"to": [18, 0.5, 7],
			"rotation": {"angle": 0, "axis": "y", "origin": [8, 0, 8]},
			"faces": {
				"north": {"uv": [9, 1, 10, 4], "rotation": 270, "texture": "#0"},
				"east": {"uv": [7, 1, 10, 2], "texture": "#0"},
				"south": {"uv": [7, 1, 8, 4], "rotation": 90, "texture": "#0"},
				"west": {"uv": [7, 3, 10, 4], "rotation": 180, "texture": "#0"},
				"up": {"uv": [10, 1, 7, 4], "rotation": 90, "texture": "#0"},
				"down": {"uv": [7, 1, 10, 4], "rotation": 90, "texture": "#0"}
			}
		},
		{
			"name": "diamond_hoe_1",
			"from": [16, -0.5, 7],
			"to": [17, 0.5, 8],
			"rotation": {"angle": 0, "axis": "y", "origin": [8, 0, 8]},
			"faces": {
				"north": {"uv": [6, 2, 7, 3], "rotation": 270, "texture": "#0"},
				"east": {"uv": [6, 2, 7, 3], "texture": "#0"},
				"south": {"uv": [6, 2, 7, 3], "rotation": 90, "texture": "#0"},
				"west": {"uv": [6, 2, 7, 3], "rotation": 180, "texture": "#0"},
				"up": {"uv": [7, 2, 6, 3], "rotation": 90, "texture": "#0"},
				"down": {"uv": [6, 2, 7, 3], "rotation": 90, "texture": "#0"}
			}
		},
		{
			"name": "diamond_hoe_2",
			"from": [11, -0.5, 3],
			"to": [17, 0.5, 4],
			"rotation": {"angle": 0, "axis": "y", "origin": [8, 0, 8]},
			"faces": {
				"north": {"uv": [10, 2, 11, 8], "rotation": 270, "texture": "#0"},
				"east": {"uv": [10, 2, 11, 3], "texture": "#0"},
				"south": {"uv": [10, 2, 11, 8], "rotation": 90, "texture": "#0"},
				"west": {"uv": [10, 7, 11, 8], "rotation": 180, "texture": "#0"},
				"up": {"uv": [11, 2, 10, 8], "rotation": 90, "texture": "#0"},
				"down": {"uv": [10, 2, 11, 8], "rotation": 90, "texture": "#0"}
			}
		},
		{
			"name": "diamond_hoe_3",
			"from": [13, -0.5, 0],
			"to": [16, 0.5, 3],
			"rotation": {"angle": 0, "axis": "y", "origin": [8, 0, 8]},
			"faces": {
				"north": {"uv": [13, 3, 14, 6], "rotation": 270, "texture": "#0"},
				"east": {"uv": [11, 3, 14, 4], "texture": "#0"},
				"south": {"uv": [11, 3, 12, 6], "rotation": 90, "texture": "#0"},
				"west": {"uv": [11, 5, 14, 6], "rotation": 180, "texture": "#0"},
				"up": {"uv": [14, 3, 11, 6], "rotation": 90, "texture": "#0"},
				"down": {"uv": [11, 3, 14, 6], "rotation": 90, "texture": "#0"}
			}
		},
		{
			"name": "diamond_hoe_4",
			"from": [14, -0.5, 4],
			"to": [15, 0.5, 5],
			"rotation": {"angle": 0, "axis": "y", "origin": [8, 0, 8]},
			"faces": {
				"north": {"uv": [9, 4, 10, 5], "rotation": 270, "texture": "#0"},
				"east": {"uv": [9, 4, 10, 5], "texture": "#0"},
				"south": {"uv": [9, 4, 10, 5], "rotation": 90, "texture": "#0"},
				"west": {"uv": [9, 4, 10, 5], "rotation": 180, "texture": "#0"},
				"up": {"uv": [10, 4, 9, 5], "rotation": 90, "texture": "#0"},
				"down": {"uv": [9, 4, 10, 5], "rotation": 90, "texture": "#0"}
			}
		},
		{
			"name": "diamond_hoe_5",
			"from": [10, -0.5, 4],
			"to": [13, 0.5, 5],
			"rotation": {"angle": 0, "axis": "y", "origin": [8, 0, 8]},
			"faces": {
				"north": {"uv": [9, 6, 10, 9], "rotation": 270, "texture": "#0"},
				"east": {"uv": [9, 6, 10, 7], "texture": "#0"},
				"south": {"uv": [9, 6, 10, 9], "rotation": 90, "texture": "#0"},
				"west": {"uv": [9, 8, 10, 9], "rotation": 180, "texture": "#0"},
				"up": {"uv": [10, 6, 9, 9], "rotation": 90, "texture": "#0"},
				"down": {"uv": [9, 6, 10, 9], "rotation": 90, "texture": "#0"}
			}
		},
		{
			"name": "diamond_hoe_6",
			"from": [12, -0.5, 1],
			"to": [13, 0.5, 3],
			"rotation": {"angle": 0, "axis": "y", "origin": [8, 0, 8]},
			"faces": {
				"north": {"uv": [12, 6, 13, 7], "rotation": 270, "texture": "#0"},
				"east": {"uv": [11, 6, 13, 7], "texture": "#0"},
				"south": {"uv": [11, 6, 12, 7], "rotation": 90, "texture": "#0"},
				"west": {"uv": [11, 6, 13, 7], "rotation": 180, "texture": "#0"},
				"up": {"uv": [13, 6, 11, 7], "rotation": 90, "texture": "#0"},
				"down": {"uv": [11, 6, 13, 7], "rotation": 90, "texture": "#0"}
			}
		},
		{
			"name": "diamond_hoe_7",
			"from": [9, -0.5, 5],
			"to": [12, 0.5, 6],
			"rotation": {"angle": 0, "axis": "y", "origin": [8, 0, 8]},
			"faces": {
				"north": {"uv": [8, 7, 9, 10], "rotation": 270, "texture": "#0"},
				"east": {"uv": [8, 7, 9, 8], "texture": "#0"},
				"south": {"uv": [8, 7, 9, 10], "rotation": 90, "texture": "#0"},
				"west": {"uv": [8, 9, 9, 10], "rotation": 180, "texture": "#0"},
				"up": {"uv": [9, 7, 8, 10], "rotation": 90, "texture": "#0"},
				"down": {"uv": [8, 7, 9, 10], "rotation": 90, "texture": "#0"}
			}
		},
		{
			"name": "diamond_hoe_8",
			"from": [8, -0.5, 6],
			"to": [11, 0.5, 7],
			"rotation": {"angle": 0, "axis": "y", "origin": [8, 0, 8]},
			"faces": {
				"north": {"uv": [7, 8, 8, 11], "rotation": 270, "texture": "#0"},
				"east": {"uv": [7, 8, 8, 9], "texture": "#0"},
				"south": {"uv": [7, 8, 8, 11], "rotation": 90, "texture": "#0"},
				"west": {"uv": [7, 10, 8, 11], "rotation": 180, "texture": "#0"},
				"up": {"uv": [8, 8, 7, 11], "rotation": 90, "texture": "#0"},
				"down": {"uv": [7, 8, 8, 11], "rotation": 90, "texture": "#0"}
			}
		},
		{
			"name": "diamond_hoe_9",
			"from": [7, -0.5, 7],
			"to": [10, 0.5, 8],
			"rotation": {"angle": 0, "axis": "y", "origin": [8, 0, 8]},
			"faces": {
				"north": {"uv": [6, 9, 7, 12], "rotation": 270, "texture": "#0"},
				"east": {"uv": [6, 9, 7, 10], "texture": "#0"},
				"south": {"uv": [6, 9, 7, 12], "rotation": 90, "texture": "#0"},
				"west": {"uv": [6, 11, 7, 12], "rotation": 180, "texture": "#0"},
				"up": {"uv": [7, 9, 6, 12], "rotation": 90, "texture": "#0"},
				"down": {"uv": [6, 9, 7, 12], "rotation": 90, "texture": "#0"}
			}
		},
		{
			"name": "diamond_hoe_10",
			"from": [6, -0.5, 8],
			"to": [9, 0.5, 9],
			"rotation": {"angle": 0, "axis": "y", "origin": [8, 0, 8]},
			"faces": {
				"north": {"uv": [5, 10, 6, 13], "rotation": 270, "texture": "#0"},
				"east": {"uv": [5, 10, 6, 11], "texture": "#0"},
				"south": {"uv": [5, 10, 6, 13], "rotation": 90, "texture": "#0"},
				"west": {"uv": [5, 12, 6, 13], "rotation": 180, "texture": "#0"},
				"up": {"uv": [6, 10, 5, 13], "rotation": 90, "texture": "#0"},
				"down": {"uv": [5, 10, 6, 13], "rotation": 90, "texture": "#0"}
			}
		},
		{
			"name": "diamond_hoe_11",
			"from": [5, -0.5, 9],
			"to": [8, 0.5, 10],
			"rotation": {"angle": 0, "axis": "y", "origin": [8, 0, 8]},
			"faces": {
				"north": {"uv": [4, 11, 5, 14], "rotation": 270, "texture": "#0"},
				"east": {"uv": [4, 11, 5, 12], "texture": "#0"},
				"south": {"uv": [4, 11, 5, 14], "rotation": 90, "texture": "#0"},
				"west": {"uv": [4, 13, 5, 14], "rotation": 180, "texture": "#0"},
				"up": {"uv": [5, 11, 4, 14], "rotation": 90, "texture": "#0"},
				"down": {"uv": [4, 11, 5, 14], "rotation": 90, "texture": "#0"}
			}
		},
		{
			"name": "diamond_hoe_12",
			"from": [4, -0.5, 10],
			"to": [7, 0.5, 11],
			"rotation": {"angle": 0, "axis": "y", "origin": [8, 0, 8]},
			"faces": {
				"north": {"uv": [3, 12, 4, 15], "rotation": 270, "texture": "#0"},
				"east": {"uv": [3, 12, 4, 13], "texture": "#0"},
				"south": {"uv": [3, 12, 4, 15], "rotation": 90, "texture": "#0"},
				"west": {"uv": [3, 14, 4, 15], "rotation": 180, "texture": "#0"},
				"up": {"uv": [4, 12, 3, 15], "rotation": 90, "texture": "#0"},
				"down": {"uv": [3, 12, 4, 15], "rotation": 90, "texture": "#0"}
			}
		},
		{
			"name": "diamond_hoe_13",
			"from": [4, -0.5, 11],
			"to": [6, 0.5, 12],
			"rotation": {"angle": 0, "axis": "y", "origin": [8, 0, 8]},
			"faces": {
				"north": {"uv": [2, 13, 3, 15], "rotation": 270, "texture": "#0"},
				"east": {"uv": [2, 13, 3, 14], "texture": "#0"},
				"south": {"uv": [2, 13, 3, 15], "rotation": 90, "texture": "#0"},
				"west": {"uv": [2, 14, 3, 15], "rotation": 180, "texture": "#0"},
				"up": {"uv": [3, 13, 2, 15], "rotation": 90, "texture": "#0"},
				"down": {"uv": [2, 13, 3, 15], "rotation": 90, "texture": "#0"}
			}
		},
		{
			"name": "diamond_hoe_0",
			"from": [9, -1.5, 15],
			"to": [12, -0.5, 18],
			"rotation": {"angle": 0, "axis": "x", "origin": [8, 0, 8]},
			"faces": {
				"north": {"uv": [7, 3, 10, 4], "rotation": 180, "texture": "#0"},
				"east": {"uv": [9, 1, 10, 4], "rotation": 270, "texture": "#0"},
				"south": {"uv": [7, 1, 10, 2], "texture": "#0"},
				"west": {"uv": [7, 1, 8, 4], "rotation": 90, "texture": "#0"},
				"up": {"uv": [10, 1, 7, 4], "rotation": 180, "texture": "#0"},
				"down": {"uv": [7, 1, 10, 4], "texture": "#0"}
			}
		},
		{
			"name": "diamond_hoe_1",
			"from": [8, -1.5, 16],
			"to": [9, -0.5, 17],
			"rotation": {"angle": 0, "axis": "x", "origin": [8, 0, 8]},
			"faces": {
				"north": {"uv": [6, 2, 7, 3], "rotation": 180, "texture": "#0"},
				"east": {"uv": [6, 2, 7, 3], "rotation": 270, "texture": "#0"},
				"south": {"uv": [6, 2, 7, 3], "texture": "#0"},
				"west": {"uv": [6, 2, 7, 3], "rotation": 90, "texture": "#0"},
				"up": {"uv": [7, 2, 6, 3], "rotation": 180, "texture": "#0"},
				"down": {"uv": [6, 2, 7, 3], "texture": "#0"}
			}
		},
		{
			"name": "diamond_hoe_4",
			"from": [11, -1.5, 14],
			"to": [12, -0.5, 15],
			"rotation": {"angle": 0, "axis": "x", "origin": [8, 0, 8]},
			"faces": {
				"north": {"uv": [9, 4, 10, 5], "rotation": 180, "texture": "#0"},
				"east": {"uv": [9, 4, 10, 5], "rotation": 270, "texture": "#0"},
				"south": {"uv": [9, 4, 10, 5], "texture": "#0"},
				"west": {"uv": [9, 4, 10, 5], "rotation": 90, "texture": "#0"},
				"up": {"uv": [10, 4, 9, 5], "rotation": 180, "texture": "#0"},
				"down": {"uv": [9, 4, 10, 5], "texture": "#0"}
			}
		},
		{
			"name": "diamond_hoe_0",
			"from": [-2, -1.5, 9],
			"to": [1, -0.5, 12],
			"rotation": {"angle": 0, "axis": "y", "origin": [8, 0, 8]},
			"faces": {
				"north": {"uv": [7, 1, 8, 4], "rotation": 90, "texture": "#0"},
				"east": {"uv": [7, 3, 10, 4], "rotation": 180, "texture": "#0"},
				"south": {"uv": [9, 1, 10, 4], "rotation": 270, "texture": "#0"},
				"west": {"uv": [7, 1, 10, 2], "texture": "#0"},
				"up": {"uv": [10, 1, 7, 4], "rotation": 270, "texture": "#0"},
				"down": {"uv": [7, 1, 10, 4], "rotation": 270, "texture": "#0"}
			}
		},
		{
			"name": "diamond_hoe_1",
			"from": [-1, -1.5, 8],
			"to": [0, -0.5, 9],
			"rotation": {"angle": 0, "axis": "y", "origin": [8, 0, 8]},
			"faces": {
				"north": {"uv": [6, 2, 7, 3], "rotation": 90, "texture": "#0"},
				"east": {"uv": [6, 2, 7, 3], "rotation": 180, "texture": "#0"},
				"south": {"uv": [6, 2, 7, 3], "rotation": 270, "texture": "#0"},
				"west": {"uv": [6, 2, 7, 3], "texture": "#0"},
				"up": {"uv": [7, 2, 6, 3], "rotation": 270, "texture": "#0"},
				"down": {"uv": [6, 2, 7, 3], "rotation": 270, "texture": "#0"}
			}
		},
		{
			"name": "diamond_hoe_4",
			"from": [1, -1.5, 11],
			"to": [2, -0.5, 12],
			"rotation": {"angle": 0, "axis": "y", "origin": [8, 0, 8]},
			"faces": {
				"north": {"uv": [9, 4, 10, 5], "rotation": 90, "texture": "#0"},
				"east": {"uv": [9, 4, 10, 5], "rotation": 180, "texture": "#0"},
				"south": {"uv": [9, 4, 10, 5], "rotation": 270, "texture": "#0"},
				"west": {"uv": [9, 4, 10, 5], "texture": "#0"},
				"up": {"uv": [10, 4, 9, 5], "rotation": 270, "texture": "#0"},
				"down": {"uv": [9, 4, 10, 5], "rotation": 270, "texture": "#0"}
			}
		},
		{
			"name": "diamond_hoe_0",
			"from": [4, -1.5, -2],
			"to": [7, -0.5, 1],
			"rotation": {"angle": 0, "axis": "y", "origin": [8, 0, 8]},
			"faces": {
				"north": {"uv": [7, 1, 10, 2], "texture": "#0"},
				"east": {"uv": [7, 1, 8, 4], "rotation": 90, "texture": "#0"},
				"south": {"uv": [7, 3, 10, 4], "rotation": 180, "texture": "#0"},
				"west": {"uv": [9, 1, 10, 4], "rotation": 270, "texture": "#0"},
				"up": {"uv": [10, 1, 7, 4], "texture": "#0"},
				"down": {"uv": [7, 1, 10, 4], "rotation": 180, "texture": "#0"}
			}
		},
		{
			"name": "diamond_hoe_1",
			"from": [7, -1.5, -1],
			"to": [8, -0.5, 0],
			"rotation": {"angle": 0, "axis": "y", "origin": [8, 0, 8]},
			"faces": {
				"north": {"uv": [6, 2, 7, 3], "texture": "#0"},
				"east": {"uv": [6, 2, 7, 3], "rotation": 90, "texture": "#0"},
				"south": {"uv": [6, 2, 7, 3], "rotation": 180, "texture": "#0"},
				"west": {"uv": [6, 2, 7, 3], "rotation": 270, "texture": "#0"},
				"up": {"uv": [7, 2, 6, 3], "texture": "#0"},
				"down": {"uv": [6, 2, 7, 3], "rotation": 180, "texture": "#0"}
			}
		},
		{
			"name": "diamond_hoe_4",
			"from": [4, -1.5, 1],
			"to": [5, -0.5, 2],
			"rotation": {"angle": 0, "axis": "y", "origin": [8, 0, 8]},
			"faces": {
				"north": {"uv": [9, 4, 10, 5], "texture": "#0"},
				"east": {"uv": [9, 4, 10, 5], "rotation": 90, "texture": "#0"},
				"south": {"uv": [9, 4, 10, 5], "rotation": 180, "texture": "#0"},
				"west": {"uv": [9, 4, 10, 5], "rotation": 270, "texture": "#0"},
				"up": {"uv": [10, 4, 9, 5], "texture": "#0"},
				"down": {"uv": [9, 4, 10, 5], "rotation": 180, "texture": "#0"}
			}
		},
		{
			"name": "diamond_hoe_0",
			"from": [15, -1.5, 4],
			"to": [18, -0.5, 7],
			"rotation": {"angle": 0, "axis": "y", "origin": [8, 0, 8]},
			"faces": {
				"north": {"uv": [9, 1, 10, 4], "rotation": 270, "texture": "#0"},
				"east": {"uv": [7, 1, 10, 2], "texture": "#0"},
				"south": {"uv": [7, 1, 8, 4], "rotation": 90, "texture": "#0"},
				"west": {"uv": [7, 3, 10, 4], "rotation": 180, "texture": "#0"},
				"up": {"uv": [10, 1, 7, 4], "rotation": 90, "texture": "#0"},
				"down": {"uv": [7, 1, 10, 4], "rotation": 90, "texture": "#0"}
			}
		},
		{
			"name": "diamond_hoe_1",
			"from": [16, -1.5, 7],
			"to": [17, -0.5, 8],
			"rotation": {"angle": 0, "axis": "y", "origin": [8, 0, 8]},
			"faces": {
				"north": {"uv": [6, 2, 7, 3], "rotation": 270, "texture": "#0"},
				"east": {"uv": [6, 2, 7, 3], "texture": "#0"},
				"south": {"uv": [6, 2, 7, 3], "rotation": 90, "texture": "#0"},
				"west": {"uv": [6, 2, 7, 3], "rotation": 180, "texture": "#0"},
				"up": {"uv": [7, 2, 6, 3], "rotation": 90, "texture": "#0"},
				"down": {"uv": [6, 2, 7, 3], "rotation": 90, "texture": "#0"}
			}
		},
		{
			"name": "diamond_hoe_4",
			"from": [14, -1.5, 4],
			"to": [15, -0.5, 5],
			"rotation": {"angle": 0, "axis": "y", "origin": [8, 0, 8]},
			"faces": {
				"north": {"uv": [9, 4, 10, 5], "rotation": 270, "texture": "#0"},
				"east": {"uv": [9, 4, 10, 5], "texture": "#0"},
				"south": {"uv": [9, 4, 10, 5], "rotation": 90, "texture": "#0"},
				"west": {"uv": [9, 4, 10, 5], "rotation": 180, "texture": "#0"},
				"up": {"uv": [10, 4, 9, 5], "rotation": 90, "texture": "#0"},
				"down": {"uv": [9, 4, 10, 5], "rotation": 90, "texture": "#0"}
			}
		},
		{
			"name": "diamond_hoe_0",
			"from": [9, 0.5, 15],
			"to": [12, 1.5, 18],
			"rotation": {"angle": 0, "axis": "y", "origin": [8, 0, 8]},
			"faces": {
				"north": {"uv": [7, 3, 10, 4], "rotation": 180, "texture": "#0"},
				"east": {"uv": [9, 1, 10, 4], "rotation": 270, "texture": "#0"},
				"south": {"uv": [7, 1, 10, 2], "texture": "#0"},
				"west": {"uv": [7, 1, 8, 4], "rotation": 90, "texture": "#0"},
				"up": {"uv": [10, 1, 7, 4], "rotation": 180, "texture": "#0"},
				"down": {"uv": [7, 1, 10, 4], "texture": "#0"}
			}
		},
		{
			"name": "diamond_hoe_1",
			"from": [8, 0.5, 16],
			"to": [9, 1.5, 17],
			"rotation": {"angle": 0, "axis": "y", "origin": [8, 0, 8]},
			"faces": {
				"north": {"uv": [6, 2, 7, 3], "rotation": 180, "texture": "#0"},
				"east": {"uv": [6, 2, 7, 3], "rotation": 270, "texture": "#0"},
				"south": {"uv": [6, 2, 7, 3], "texture": "#0"},
				"west": {"uv": [6, 2, 7, 3], "rotation": 90, "texture": "#0"},
				"up": {"uv": [7, 2, 6, 3], "rotation": 180, "texture": "#0"},
				"down": {"uv": [6, 2, 7, 3], "texture": "#0"}
			}
		},
		{
			"name": "diamond_hoe_4",
			"from": [11, 0.5, 14],
			"to": [12, 1.5, 15],
			"rotation": {"angle": 0, "axis": "y", "origin": [8, 0, 8]},
			"faces": {
				"north": {"uv": [9, 4, 10, 5], "rotation": 180, "texture": "#0"},
				"east": {"uv": [9, 4, 10, 5], "rotation": 270, "texture": "#0"},
				"south": {"uv": [9, 4, 10, 5], "texture": "#0"},
				"west": {"uv": [9, 4, 10, 5], "rotation": 90, "texture": "#0"},
				"up": {"uv": [10, 4, 9, 5], "rotation": 180, "texture": "#0"},
				"down": {"uv": [9, 4, 10, 5], "texture": "#0"}
			}
		},
		{
			"name": "diamond_hoe_0",
			"from": [-2, 0.5, 9],
			"to": [1, 1.5, 12],
			"rotation": {"angle": 0, "axis": "y", "origin": [8, 0, 8]},
			"faces": {
				"north": {"uv": [7, 1, 8, 4], "rotation": 90, "texture": "#0"},
				"east": {"uv": [7, 3, 10, 4], "rotation": 180, "texture": "#0"},
				"south": {"uv": [9, 1, 10, 4], "rotation": 270, "texture": "#0"},
				"west": {"uv": [7, 1, 10, 2], "texture": "#0"},
				"up": {"uv": [10, 1, 7, 4], "rotation": 270, "texture": "#0"},
				"down": {"uv": [7, 1, 10, 4], "rotation": 270, "texture": "#0"}
			}
		},
		{
			"name": "diamond_hoe_1",
			"from": [-1, 0.5, 8],
			"to": [0, 1.5, 9],
			"rotation": {"angle": 0, "axis": "y", "origin": [8, 0, 8]},
			"faces": {
				"north": {"uv": [6, 2, 7, 3], "rotation": 90, "texture": "#0"},
				"east": {"uv": [6, 2, 7, 3], "rotation": 180, "texture": "#0"},
				"south": {"uv": [6, 2, 7, 3], "rotation": 270, "texture": "#0"},
				"west": {"uv": [6, 2, 7, 3], "texture": "#0"},
				"up": {"uv": [7, 2, 6, 3], "rotation": 270, "texture": "#0"},
				"down": {"uv": [6, 2, 7, 3], "rotation": 270, "texture": "#0"}
			}
		},
		{
			"name": "diamond_hoe_4",
			"from": [1, 0.5, 11],
			"to": [2, 1.5, 12],
			"rotation": {"angle": 0, "axis": "y", "origin": [8, 0, 8]},
			"faces": {
				"north": {"uv": [9, 4, 10, 5], "rotation": 90, "texture": "#0"},
				"east": {"uv": [9, 4, 10, 5], "rotation": 180, "texture": "#0"},
				"south": {"uv": [9, 4, 10, 5], "rotation": 270, "texture": "#0"},
				"west": {"uv": [9, 4, 10, 5], "texture": "#0"},
				"up": {"uv": [10, 4, 9, 5], "rotation": 270, "texture": "#0"},
				"down": {"uv": [9, 4, 10, 5], "rotation": 270, "texture": "#0"}
			}
		},
		{
			"name": "diamond_hoe_0",
			"from": [4, 0.5, -2],
			"to": [7, 1.5, 1],
			"rotation": {"angle": 0, "axis": "y", "origin": [8, 0, 8]},
			"faces": {
				"north": {"uv": [7, 1, 10, 2], "texture": "#0"},
				"east": {"uv": [7, 1, 8, 4], "rotation": 90, "texture": "#0"},
				"south": {"uv": [7, 3, 10, 4], "rotation": 180, "texture": "#0"},
				"west": {"uv": [9, 1, 10, 4], "rotation": 270, "texture": "#0"},
				"up": {"uv": [10, 1, 7, 4], "texture": "#0"},
				"down": {"uv": [7, 1, 10, 4], "rotation": 180, "texture": "#0"}
			}
		},
		{
			"name": "diamond_hoe_1",
			"from": [7, 0.5, -1],
			"to": [8, 1.5, 0],
			"rotation": {"angle": 0, "axis": "y", "origin": [8, 0, 8]},
			"faces": {
				"north": {"uv": [6, 2, 7, 3], "texture": "#0"},
				"east": {"uv": [6, 2, 7, 3], "rotation": 90, "texture": "#0"},
				"south": {"uv": [6, 2, 7, 3], "rotation": 180, "texture": "#0"},
				"west": {"uv": [6, 2, 7, 3], "rotation": 270, "texture": "#0"},
				"up": {"uv": [7, 2, 6, 3], "texture": "#0"},
				"down": {"uv": [6, 2, 7, 3], "rotation": 180, "texture": "#0"}
			}
		},
		{
			"name": "diamond_hoe_4",
			"from": [4, 0.5, 1],
			"to": [5, 1.5, 2],
			"rotation": {"angle": 0, "axis": "y", "origin": [8, 0, 8]},
			"faces": {
				"north": {"uv": [9, 4, 10, 5], "texture": "#0"},
				"east": {"uv": [9, 4, 10, 5], "rotation": 90, "texture": "#0"},
				"south": {"uv": [9, 4, 10, 5], "rotation": 180, "texture": "#0"},
				"west": {"uv": [9, 4, 10, 5], "rotation": 270, "texture": "#0"},
				"up": {"uv": [10, 4, 9, 5], "texture": "#0"},
				"down": {"uv": [9, 4, 10, 5], "rotation": 180, "texture": "#0"}
			}
		},
		{
			"name": "diamond_hoe_0",
			"from": [15, 0.5, 4],
			"to": [18, 1.5, 7],
			"rotation": {"angle": 0, "axis": "y", "origin": [8, 0, 8]},
			"faces": {
				"north": {"uv": [9, 1, 10, 4], "rotation": 270, "texture": "#0"},
				"east": {"uv": [7, 1, 10, 2], "texture": "#0"},
				"south": {"uv": [7, 1, 8, 4], "rotation": 90, "texture": "#0"},
				"west": {"uv": [7, 3, 10, 4], "rotation": 180, "texture": "#0"},
				"up": {"uv": [10, 1, 7, 4], "rotation": 90, "texture": "#0"},
				"down": {"uv": [7, 1, 10, 4], "rotation": 90, "texture": "#0"}
			}
		},
		{
			"name": "diamond_hoe_1",
			"from": [16, 0.5, 7],
			"to": [17, 1.5, 8],
			"rotation": {"angle": 0, "axis": "y", "origin": [8, 0, 8]},
			"faces": {
				"north": {"uv": [6, 2, 7, 3], "rotation": 270, "texture": "#0"},
				"east": {"uv": [6, 2, 7, 3], "texture": "#0"},
				"south": {"uv": [6, 2, 7, 3], "rotation": 90, "texture": "#0"},
				"west": {"uv": [6, 2, 7, 3], "rotation": 180, "texture": "#0"},
				"up": {"uv": [7, 2, 6, 3], "rotation": 90, "texture": "#0"},
				"down": {"uv": [6, 2, 7, 3], "rotation": 90, "texture": "#0"}
			}
		},
		{
			"name": "diamond_hoe_4",
			"from": [14, 0.5, 4],
			"to": [15, 1.5, 5],
			"rotation": {"angle": 0, "axis": "y", "origin": [8, 0, 8]},
			"faces": {
				"north": {"uv": [9, 4, 10, 5], "rotation": 270, "texture": "#0"},
				"east": {"uv": [9, 4, 10, 5], "texture": "#0"},
				"south": {"uv": [9, 4, 10, 5], "rotation": 90, "texture": "#0"},
				"west": {"uv": [9, 4, 10, 5], "rotation": 180, "texture": "#0"},
				"up": {"uv": [10, 4, 9, 5], "rotation": 90, "texture": "#0"},
				"down": {"uv": [9, 4, 10, 5], "rotation": 90, "texture": "#0"}
			}
		},
		{
			"from": [7, -1.5, 7],
			"to": [9, 1.5, 9],
			"faces": {
				"north": {"uv": [0, 0, 2, 3], "texture": "#4"},
				"east": {"uv": [0, 0, 2, 3], "texture": "#4"},
				"south": {"uv": [0, 0, 2, 3], "texture": "#4"},
				"west": {"uv": [0, 0, 2, 3], "texture": "#4"},
				"up": {"uv": [3, 4, 5, 6], "texture": "#4"},
				"down": {"uv": [2, 6, 4, 8], "texture": "#4"}
			}
		},
		{
			"from": [6, -0.5, 2],
			"to": [10, 0.5, 3],
			"faces": {
				"north": {"uv": [2, 12, 6, 13], "texture": "#4"},
				"east": {"uv": [8, 3, 9, 4], "texture": "#4"},
				"south": {"uv": [7, 10, 11, 11], "texture": "#4"},
				"west": {"uv": [2, 3, 3, 4], "texture": "#4"},
				"up": {"uv": [5, 6, 9, 7], "texture": "#4"},
				"down": {"uv": [1, 6, 5, 7], "texture": "#4"}
			}
		},
		{
			"from": [10, -0.5, 3],
			"to": [11, 0.5, 4],
			"faces": {
				"north": {"uv": [2, 12, 3, 13], "texture": "#4"},
				"east": {"uv": [8, 3, 9, 4], "texture": "#4"},
				"south": {"uv": [7, 10, 8, 11], "texture": "#4"},
				"west": {"uv": [2, 3, 3, 4], "texture": "#4"},
				"up": {"uv": [5, 6, 6, 7], "texture": "#4"},
				"down": {"uv": [1, 6, 2, 7], "texture": "#4"}
			}
		},
		{
			"from": [5, -0.5, 3],
			"to": [6, 0.5, 4],
			"faces": {
				"north": {"uv": [2, 12, 3, 13], "texture": "#4"},
				"east": {"uv": [8, 3, 9, 4], "texture": "#4"},
				"south": {"uv": [7, 10, 8, 11], "texture": "#4"},
				"west": {"uv": [2, 3, 3, 4], "texture": "#4"},
				"up": {"uv": [5, 6, 6, 7], "texture": "#4"},
				"down": {"uv": [1, 6, 2, 7], "texture": "#4"}
			}
		},
		{
			"from": [3, -0.5, 5],
			"to": [4, 0.5, 6],
			"faces": {
				"north": {"uv": [2, 12, 3, 13], "texture": "#4"},
				"east": {"uv": [8, 3, 9, 4], "texture": "#4"},
				"south": {"uv": [7, 10, 8, 11], "texture": "#4"},
				"west": {"uv": [2, 3, 3, 4], "texture": "#4"},
				"up": {"uv": [5, 6, 6, 7], "texture": "#4"},
				"down": {"uv": [1, 6, 2, 7], "texture": "#4"}
			}
		},
		{
			"from": [3, -0.5, 10],
			"to": [4, 0.5, 11],
			"faces": {
				"north": {"uv": [2, 12, 3, 13], "texture": "#4"},
				"east": {"uv": [8, 3, 9, 4], "texture": "#4"},
				"south": {"uv": [7, 10, 8, 11], "texture": "#4"},
				"west": {"uv": [2, 3, 3, 4], "texture": "#4"},
				"up": {"uv": [5, 6, 6, 7], "texture": "#4"},
				"down": {"uv": [1, 6, 2, 7], "texture": "#4"}
			}
		},
		{
			"from": [12, -0.5, 10],
			"to": [13, 0.5, 11],
			"faces": {
				"north": {"uv": [2, 12, 3, 13], "texture": "#4"},
				"east": {"uv": [8, 3, 9, 4], "texture": "#4"},
				"south": {"uv": [7, 10, 8, 11], "texture": "#4"},
				"west": {"uv": [2, 3, 3, 4], "texture": "#4"},
				"up": {"uv": [5, 6, 6, 7], "texture": "#4"},
				"down": {"uv": [1, 6, 2, 7], "texture": "#4"}
			}
		},
		{
			"from": [12, -0.5, 5],
			"to": [13, 0.5, 6],
			"faces": {
				"north": {"uv": [2, 12, 3, 13], "texture": "#4"},
				"east": {"uv": [8, 3, 9, 4], "texture": "#4"},
				"south": {"uv": [7, 10, 8, 11], "texture": "#4"},
				"west": {"uv": [2, 3, 3, 4], "texture": "#4"},
				"up": {"uv": [5, 6, 6, 7], "texture": "#4"},
				"down": {"uv": [1, 6, 2, 7], "texture": "#4"}
			}
		},
		{
			"from": [10, -0.5, 13],
			"to": [11, 0.5, 14],
			"faces": {
				"north": {"uv": [2, 12, 3, 13], "texture": "#4"},
				"east": {"uv": [8, 3, 9, 4], "texture": "#4"},
				"south": {"uv": [7, 10, 8, 11], "texture": "#4"},
				"west": {"uv": [2, 3, 3, 4], "texture": "#4"},
				"up": {"uv": [5, 6, 6, 7], "texture": "#4"},
				"down": {"uv": [1, 6, 2, 7], "texture": "#4"}
			}
		},
		{
			"from": [5, -0.5, 12],
			"to": [6, 0.5, 13],
			"faces": {
				"north": {"uv": [2, 12, 3, 13], "texture": "#4"},
				"east": {"uv": [8, 3, 9, 4], "texture": "#4"},
				"south": {"uv": [7, 10, 8, 11], "texture": "#4"},
				"west": {"uv": [2, 3, 3, 4], "texture": "#4"},
				"up": {"uv": [5, 6, 6, 7], "texture": "#4"},
				"down": {"uv": [1, 6, 2, 7], "texture": "#4"}
			}
		},
		{
			"from": [6, -0.5, 13],
			"to": [10, 0.5, 14],
			"faces": {
				"north": {"uv": [2, 12, 6, 13], "texture": "#4"},
				"east": {"uv": [8, 3, 9, 4], "texture": "#4"},
				"south": {"uv": [7, 10, 11, 11], "texture": "#4"},
				"west": {"uv": [2, 3, 3, 4], "texture": "#4"},
				"up": {"uv": [5, 6, 9, 7], "texture": "#4"},
				"down": {"uv": [1, 6, 5, 7], "texture": "#4"}
			}
		},
		{
			"from": [2, -0.5, 6],
			"to": [3, 0.5, 10],
			"faces": {
				"north": {"uv": [2, 12, 3, 13], "texture": "#4"},
				"east": {"uv": [8, 3, 12, 4], "texture": "#4"},
				"south": {"uv": [7, 10, 8, 11], "texture": "#4"},
				"west": {"uv": [2, 3, 6, 4], "texture": "#4"},
				"up": {"uv": [5, 6, 6, 10], "texture": "#4"},
				"down": {"uv": [1, 6, 2, 10], "texture": "#4"}
			}
		},
		{
			"from": [13, -0.5, 6],
			"to": [14, 0.5, 10],
			"faces": {
				"north": {"uv": [2, 12, 3, 13], "texture": "#4"},
				"east": {"uv": [8, 3, 12, 4], "texture": "#4"},
				"south": {"uv": [7, 10, 8, 11], "texture": "#4"},
				"west": {"uv": [2, 3, 6, 4], "texture": "#4"},
				"up": {"uv": [5, 6, 6, 10], "texture": "#4"},
				"down": {"uv": [1, 6, 2, 10], "texture": "#4"}
			}
		}
	],
	"display": {
		"thirdperson_righthand": {
			"rotation": [0, 0, 90],
			"translation": [-4, -2, -1.5],
			"scale": [0.5, 0.5, 0.5]
		},
		"thirdperson_lefthand": {
			"rotation": [0, 0, 90],
			"translation": [-4, -2, -1.5],
			"scale": [0.5, 0.5, 0.5]
		},
		"firstperson_righthand": {
			"rotation": [0, 0, 90],
			"translation": [9, 0, 0],
			"scale": [0.8, 0.8, 0.8]
		},
		"firstperson_lefthand": {
			"rotation": [0, 0, 90],
			"translation": [9, 0, 0],
			"scale": [0.8, 0.8, 0.8]
		},
		"ground": {
			"translation": [0, 4, 0],
			"scale": [0.2, 0.2, 0.2]
		},
		"gui": {
			"rotation": [30, 180, 0],
			"translation": [0, 4, 0],
			"scale": [0.625, 0.625, 0.625]
		},
		"head": {
			"translation": [0, 20, 0]
		},
		"fixed": {
			"rotation": [90, 0, 0],
			"translation": [0, 0, 7],
			"scale": [0.8, 0.8, 0.8]
		}
	},
	"groups": [
		{
			"name": "group",
			"origin": [8, 8, 8],
			"color": 0,
			"nbt": "{}",
			"children": [
				{
					"name": "group",
					"origin": [8, 8, 8],
					"color": 0,
					"nbt": "{}",
					"children": [
						{
							"name": "diamond_hoe",
							"origin": [8, 8, 8],
							"color": 0,
							"nbt": "{}",
							"children": [0, 1, 2, 3, 4, 5, 6, 7, 8, 9, 10, 11, 12, 13]
						},
						{
							"name": "diamond_hoe",
							"origin": [8, 8, 8],
							"color": 0,
							"nbt": "{}",
							"children": [14, 15, 16, 17, 18, 19, 20]
						},
						{
							"name": "diamond_hoe",
							"origin": [8, 8, 8],
							"color": 0,
							"nbt": "{}",
							"children": [21, 22, 23, 24, 25, 26, 27]
						},
						{
							"name": "diamond_hoe",
							"origin": [8, 8, 8],
							"color": 0,
							"nbt": "{}",
							"children": [28, 29, 30, 31, 32, 33, 34, 35, 36, 37, 38, 39, 40, 41]
						}
					]
				},
				{
					"name": "group",
					"origin": [8, 8, 8],
					"color": 0,
					"nbt": "{}",
					"children": [
						{
							"name": "group",
							"origin": [8, 8, 8],
							"color": 0,
							"nbt": "{}",
							"children": [
								{
									"name": "diamond_hoe",
									"origin": [8, 8, 8],
									"color": 0,
									"nbt": "{}",
									"children": [42, 43, 44]
								},
								{
									"name": "diamond_hoe",
									"origin": [8, 8, 8],
									"color": 0,
									"nbt": "{}",
									"children": [45, 46, 47]
								},
								{
									"name": "diamond_hoe",
									"origin": [8, 8, 8],
									"color": 0,
									"nbt": "{}",
									"children": [48, 49, 50]
								},
								{
									"name": "diamond_hoe",
									"origin": [8, 8, 8],
									"color": 0,
									"nbt": "{}",
									"children": [51, 52, 53]
								}
							]
						},
						{
							"name": "group",
							"origin": [8, 8, 8],
							"color": 0,
							"nbt": "{}",
							"children": [
								{
									"name": "diamond_hoe",
									"origin": [8, 8, 8],
									"color": 0,
									"nbt": "{}",
									"children": [54, 55, 56]
								},
								{
									"name": "diamond_hoe",
									"origin": [8, 8, 8],
									"color": 0,
									"nbt": "{}",
									"children": [57, 58, 59]
								},
								{
									"name": "diamond_hoe",
									"origin": [8, 8, 8],
									"color": 0,
									"nbt": "{}",
									"children": [60, 61, 62]
								},
								{
									"name": "diamond_hoe",
									"origin": [8, 8, 8],
									"color": 0,
									"nbt": "{}",
									"children": [63, 64, 65]
								}
							]
						}
					]
				},
				{
					"name": "group",
					"origin": [0, 0, 0],
					"color": 0,
					"nbt": "{}",
					"children": [66, 67, 68, 69, 70, 71, 72, 73, 74, 75, 76, 77, 78]
				}
			]
		}
	]
}